<div id='download'>
<div class="dbox-list">
    <strong>Hajimete - Vol.01</strong>
    <a href="https://mega.nz/file/MwFzgJKQ#_d0ssgdHvJ1Gs-FIHDFg2HlqDbyyl3mAfwQhXxfOqWY" rel="nofollow" target="_blank" title="Server 1">Mega </a>
    <a href="https://www.mediafire.com/file/6m9hzv2eiarabt2/%255BnGx%255D_Hajimete_no_Gal_Vol.01.zip/file" rel="nofollow" target="_blank" title="Server 1">| Mediafire </a>
</div>
<div class="dbox-list">
    <strong>Hajimete - Vol.02</strong>
    <a href="https://mega.nz/file/Z1NgyJLS#jfvsF51BfsYbdf-Csx8fs3Q9V22PSz7yC6l1Le-fBgc" rel="nofollow" target="_blank" title="Server 1">Mega </a>
    <a href="https://www.mediafire.com/file/gikth0583klxguh/%255BnGx%255D_Hajimete_no_Gal_Vol.02.zip/file" rel="nofollow" target="_blank" title="Server 1">| Mediafire </a>
</div>
<div class="dbox-list">
    <strong>Hajimete - Vol.03</strong>
    <a href="https://mega.nz/file/A0VTGbTK#oLan3lhKWqf1WAOQUd4XemNC5429UXyk2iYoxRv_w-Q" rel="nofollow" target="_blank" title="Server 1">Mega </a>
    <a href="https://www.mediafire.com/file/z7b9jbxr0l6fzw5/%255BnGx%255D_Hajimete_no_Gal_Vol.03.zip/file" rel="nofollow" target="_blank" title="Server 1">| Mediafire </a>
</div>
<div class="dbox-list">
    <strong>Hajimete - Vol.04</strong>
    <a href="https://mega.nz/file/91sRwTDY#XEK9rNoisnmh0mELhqzusUSR2zVV1bSFg5pBDOhmnxU" rel="nofollow" target="_blank" title="Server 1">Mega </a>
    <a href="https://www.mediafire.com/file/g361s9jdzurhy2j/%255BnGx%255D_Hajimete_no_Gal_Vol.04.zip/file" rel="nofollow" target="_blank" title="Server 1">| Mediafire </a>
</div>
<div class="dbox-list">
    <strong>Hajimete - Vol.05</strong>
    <a href="https://mega.nz/file/d9MB3BRS#TcISRq0j0gKtFISACJ422Pp7MiuW0nU-aGPg1vfLB5g" rel="nofollow" target="_blank" title="Server 1">Mega </a>
    <a href="https://www.mediafire.com/file/2rd0cbcheqlz6i5/%255BnGx%255D_Hajimete_no_Gal_Vol.05.zip/file" rel="nofollow" target="_blank" title="Server 1">| Mediafire </a>
</div>
<div class="dbox-list">
    <strong>Hajimete - Vol.06</strong>
    <a href="https://mega.nz/file/g48gWQbD#EZeRYoBFFxlEDJVVcqcyV9cwBSXXVdM8OZSm6JRk7XE" rel="nofollow" target="_blank" title="Server 1">Mega </a>
    <a href="https://www.mediafire.com/file/mh6cfy9kxsfsgdd/%255BnGx%255D_Hajimete_no_Gal_Vol.06.zip/file" rel="nofollow" target="_blank" title="Server 1">| Mediafire </a>
</div>
<div class="dbox-list">
    <strong>Hajimete - Vol.07</strong>
    <a href="https://mega.nz/file/Nl0STQiA#Iudouh8oQq8Rpfy4J9zLBmT7Ek67oDUyMEggIJDTlJs" rel="nofollow" target="_blank" title="Server 1">Mega </a>
    <a href="https://www.mediafire.com/file/v9d1cfnlyc7hs2w/%255BnGx%255D_Hajimete_no_Gal_Vol.07.zip/file" rel="nofollow" target="_blank" title="Server 1">| Mediafire </a>
</div>
<div class="dbox-list">
    <strong>Hajimete - Vol.08</strong>
    <a href="https://mega.nz/file/s9NnXahC#d0lChVX4WA4YFyuLLEMZROHzFGOkmxqAM1x35KqcxUM" rel="nofollow" target="_blank" title="Server 1">Mega </a>
    <a href="https://www.mediafire.com/file/0eu3zhzkhlgtz9f/%255BnGx%255D_Hajimete_no_Gal_Vol.08.zip/file" rel="nofollow" target="_blank" title="Server 1">| Mediafire </a>
</div>
<div class="dbox-list">
    <strong>Hajimete - Vol.09</strong>
    <a href="https://mega.nz/file/5t8XEBwL#jlMSsokBX-bpVtHoUAWJSJHjqNiJFsVdc35vqvdxxuE" rel="nofollow" target="_blank" title="Server 1">Mega </a>
    <a href="https://www.mediafire.com/file/8ull99z4na4mlh9/%255BnGx%255D_Hajimete_no_Gal_Vol.09.zip/file" rel="nofollow" target="_blank" title="Server 1">| Mediafire </a>
</div>
<div class="dbox-list">
    <strong>Hajimete - Vol.10</strong>
    <a href="https://mega.nz/file/Vl0AQK6B#E4GW2jZxZ2bEUUGYBodWrp6RZ219gcTnAJF9vfhj_WU" rel="nofollow" target="_blank" title="Server 1">Mega </a>
    <a href="https://www.mediafire.com/file/3lwua7v580m6jrh/%255BnGx%255D_Hajimete_no_Gal_Vol.10.zip/file" rel="nofollow" target="_blank" title="Server 1">| Mediafire </a>
</div>
<div class="dbox-list">
    <strong>Hajimete - Vol.11</strong>
    <a href="https://mega.nz/file/14FA3TJS#6dkVurbjk6NVt4SHHHapyqGjR5ZIs0Hw-09FnMf715E" rel="nofollow" target="_blank" title="Server 1">Mega </a>
    <a href="https://www.mediafire.com/file/k0c6u06u6hu22fi/%255BnGx%255D_Hajimete_no_Gal_Vol.11.zip/file" rel="nofollow" target="_blank" title="Server 1">| Mediafire </a>
</div>
<div class="dbox-list">
    <strong>Hajimete - Vol.12</strong>
    <a href="https://mega.nz/file/5tV0waIJ#QsyXOTNLmkOXD8l9E2VLBCFVRlrMWIuEFpgH1BGWAIA" rel="nofollow" target="_blank" title="Server 1">Mega </a>
    <a href="https://www.mediafire.com/file/pzzkh3xxlpwfcoc/%255BnGx%255D_Hajimete_no_Gal_Vol.12.zip/file" rel="nofollow" target="_blank" title="Server 1">| Mediafire </a>
</div>
<div class="dbox-list">
    <strong>Hajimete - Vol.13</strong>
    <a href="https://mega.nz/file/Zxt0lJDK#i6sHfFeQENxpxmR6DThS3T6jB7jSXa09_z5Yrh4dfD8" rel="nofollow" target="_blank" title="Server 1">Mega </a>
    <a href="https://www.mediafire.com/file/8zhv1oq2ztegieo/%255BnGx%255D_Hajimete_no_Gal_Vol.13.zip/file" rel="nofollow" target="_blank" title="Server 1">| Mediafire </a>
</div>
<div class="dbox-list">
    <strong>Hajimete - Vol.14</strong>
    <a href="https://mega.nz/file/t4VwjAoR#LKDfkHNl7ceZwoKUsRB7gas0BqV9xhJt66iDWCb932U" rel="nofollow" target="_blank" title="Server 1">Mega </a>
    <a href="https://www.mediafire.com/file/zxx5o92l8sq2gcu/%255BnGx%255D_Hajimete_no_Gal_Vol.14.zip/file" rel="nofollow" target="_blank" title="Server 1">| Mediafire </a>
</div>
</div>
