  <textarea name="textarea" class="" id="text-input" cols="30" rows="10">
    <span><!--more--></span>

  </textarea>
  <button class="format py-2 px-12 text-md font-medium text-gray-100 focus:outline-none hover:opacity-80 bg-gradient-to-r from-accent complr rounded-full focus:z-10 focus:ring-4 focus:ring-gray-200 dark:focus:ring-gray-700">Format</button>
  <textarea id="output" cols="30" rows="10" readonly></textarea>
  <script>/*<![CDATA[*/
    document.querySelector('.format').addEventListener('click', function() {
      const textareaContent = document.getElementById('text-input').value;
      const outputTextarea = document.getElementById('output');

      const temporaryDiv = document.createElement('div');
      temporaryDiv.innerHTML = textareaContent;

      const separatorDivs = temporaryDiv.querySelectorAll('.separator');
      separatorDivs.forEach((separatorDiv) => {
        const imageLink = separatorDiv.querySelector('a');
        const image = imageLink.querySelector('img');

        const newImage = document.createElement('img');
        newImage.alt = '';
        newImage.loading = 'lazy';
        newImage.src = image.src;

        separatorDiv.removeAttribute('style');
        separatorDiv.setAttribute('data-carousel-item', '');

        separatorDiv.innerHTML = '';
        separatorDiv.appendChild(newImage);
      });

      const formattedHTML = temporaryDiv.innerHTML;
      outputTextarea.value = formattedHTML;
    });
/*]]>*/</script>
